-- insertions pour alimenter la base de donnees
-- Générateur source : https://generatedata.com/-- seulement pour les insertions de PERSONNE

INSERT INTO PERSONNE (IDPER,NOMPER, PRENOMPER, EMAIL, DDNPER, POIDS, ADRESSE, PORTABLE)
VALUES
    (1,"Perry","Macon","in@icloud.org",STR_TO_DATE("2014/09/19", "%Y/%m/%d"),20,"Ap #731-3409 Eu Road Orléans","03 36 78 33 08"),
    (2,"Suarez","Cecilia","vivamus.non@google.edu",STR_TO_DATE("2016/01/14", "%Y/%m/%d"),29,"621 Etiam Av. Orléans","05 05 21 22 81"),
    (3,"Morris","Brielle","semper@yahoo.ca",STR_TO_DATE("2019/06/05", "%Y/%m/%d"),31,"819-3025 Lacus. Rd. Orléans","06 82 05 38 68"),
    (4,"Mccarty","Stuart","adipiscing.lobortis.risus@outlook.couk",STR_TO_DATE("2021/11/23", "%Y/%m/%d"),45,"2671 Tincidunt Avenue Orléans","03 63 57 85 20"),
    (5,"Marsh","Brielle","faucibus.orci@icloud.org",STR_TO_DATE("2014/08/18", "%Y/%m/%d"),49,"P.O. Box 753, 1151 Cursus Rd. Orléans","06 31 23 50 66"),
    (6,"Davenport","Raymond","ante.dictum@hotmail.com",STR_TO_DATE("2013/01/25", "%Y/%m/%d"),23,"471-5249 Ligula Rd. Orléans","07 43 74 15 75"),
    (7,"Cruz","Eaton","laoreet@outlook.net",STR_TO_DATE("2011/09/09", "%Y/%m/%d"),38,"5649 Vitae Rd. Orléans","06 20 43 68 42"),
    (8,"Franklin","Nicole","congue@google.couk",STR_TO_DATE("2012/05/20", "%Y/%m/%d"),33,"P.O. Box 495, 4960 Curabitur St. Orléans","03 08 68 41 41"),
    (9,"Barrett","Clinton","interdum@icloud.edu",STR_TO_DATE("2021/03/08", "%Y/%m/%d"),45,"Ap #651-718 Sed St. Orléans","04 93 55 61 23"),
    (10,"Houston","Basia","penatibus@aol.edu",STR_TO_DATE("2013/08/03", "%Y/%m/%d"),45,"888-3365 Neque. St. Orléans","09 31 64 22 54"),

    (11,"Woodsen","Caroline","carowood@gmail.com",STR_TO_DATE("1999/03/17", "%Y/%m/%d"),62,"3 rue du pendu Orléans","06 32 71 33 08"),
    (12,"Warldoff","Elena","elanwarl@gmail.com",STR_TO_DATE("1992/10/01", "%Y/%m/%d"),59,"45 rue perdu Orléans","07 57 71 94 22"),
    (13,"Salvator","Emilien","emilensalvator1@outlook.fr",STR_TO_DATE("1983/01/25", "%Y/%m/%d"),75,"5bis allée de l'impasse","07 48 27 33 01"),


    (14,"Harrell","Nathaniel","ac.ipsum.phasellus@outlook.edu",STR_TO_DATE("2019/05/30", "%Y/%m/%d"),31,"724-8442 Egestas. Av. Orléans","04 46 67 12 86"),
    (15,"Vega","Channing","dolor.vitae.dolor@outlook.com",STR_TO_DATE("2020/02/07", "%Y/%m/%d"),38,"718-4464 Vivamus Rd. Orléans","05 41 43 37 16"),
    (16,"Montoya","Dante","suspendisse.sed@yahoo.couk",STR_TO_DATE("2015/03/28", "%Y/%m/%d"),40,"P.O. Box 801, 2753 Ornare Av. Orléans","08 38 08 00 68"),
    (17,"Horn","Camille","habitant.morbi.tristique@protonmail.couk",STR_TO_DATE("2016/04/21", "%Y/%m/%d"),25,"796-2339 Aliquam St. Orléans","04 66 43 25 18"),
    (18,"King","Cassady","rutrum@google.couk",STR_TO_DATE("2016/01/04", "%Y/%m/%d"),25,"163-2249 Diam Ave Orléans","03 67 04 22 81"),
    (19,"Haley","Jana","dolor.quisque@outlook.couk",STR_TO_DATE("2021/01/23", "%Y/%m/%d"),26,"P.O. Box 611, 7785 Tincidunt Av. Orléans","08 37 44 87 63"),
    (20,"Hewitt","Hyatt","massa@aol.ca",STR_TO_DATE("2018/01/17", "%Y/%m/%d"),23,"P.O. Box 431, 858 Nulla Rd. Orléans","08 52 88 33 80"),
    (21,"Bonner","Joel","non@protonmail.org",STR_TO_DATE("2017/07/21", "%Y/%m/%d"),21,"188-4693 Nam St. Orléans","04 71 54 71 35"),
    (22,"Burgess","Rashad","in.aliquet@icloud.net",STR_TO_DATE("2016/11/28", "%Y/%m/%d"),43,"Ap #384-5918 Nulla Avenue Orléans","08 10 42 27 83"),
    (23,"Stark","Serena","varius.et@protonmail.net",STR_TO_DATE("2020/07/22", "%Y/%m/%d"),39,"Ap #791-731 Placerat. Ave Orléans","06 45 75 54 12"),

    (24,"Payne","Chanda","erat.neque@protonmail.net",STR_TO_DATE("2022/02/22", "%Y/%m/%d"),37,"5828 Vel, Av. Orléans","02 40 44 84 36"),
    (25,"Franklin","Gil","taciti.sociosqu@outlook.edu",STR_TO_DATE("2014/06/13", "%Y/%m/%d"),37,"P.O. Box 739, 3227 Eleifend, St. Orléans","09 66 19 08 11"),
    (26,"Sharp","Stuart","tincidunt@hotmail.ca",STR_TO_DATE("2014/12/08", "%Y/%m/%d"),44,"2867 Varius Av. Orléans","04 47 15 16 64"),
    (27,"Rowe","Tara","vel.est.tempor@yahoo.org",STR_TO_DATE("2014/06/23", "%Y/%m/%d"),41,"Ap #813-6790 Imperdiet Road Orléans","02 11 94 65 65"),
    (28,"Alexander","Hiroko","ridiculus@icloud.couk",STR_TO_DATE("2015/12/26", "%Y/%m/%d"),42,"Ap #606-3538 Venenatis St. Orléans","03 85 65 96 04"),
    (29,"Flynn","Teegan","sagittis.semper@aol.ca",STR_TO_DATE("2017/05/11", "%Y/%m/%d"),31,"Ap #956-5843 Sem, Street Orléans","02 68 66 11 82"),
    (30,"Lara","Hilda","sit.amet@yahoo.edu",STR_TO_DATE("2015/07/18", "%Y/%m/%d"),26,"P.O. Box 100, 3902 Fermentum St. Orléans","07 76 38 56 83"),
    (31,"Sims","Brandon","vestibulum@aol.com",STR_TO_DATE("2016/10/13", "%Y/%m/%d"),36,"P.O. Box 650, 882 Cursus Avenue Orléans","04 63 33 22 86"),
    (32,"Alexander","Daria","nunc@outlook.ca",STR_TO_DATE("2021/10/23", "%Y/%m/%d"),41,"Ap #509-1030 Pellentesque Av. Orléans","02 48 27 88 53"),
    (33,"Perez","Prescott","cursus.nunc@outlook.ca",STR_TO_DATE("2019/07/16", "%Y/%m/%d"),31,"625-8947 Est. Av. Orléans","04 84 82 49 30"),

    (34,"Blackwell","Kennedy","odio.aliquam.vulputate@google.edu",STR_TO_DATE("2013/08/15", "%Y/%m/%d"),39,"Ap #985-6107 Sem St. Orléans","01 88 53 42 11"),
    (35,"Butler","Tiger","in.ornare@aol.com",STR_TO_DATE("2018/08/09", "%Y/%m/%d"),28,"Ap #762-5007 Felis. Street Orléans","04 15 37 42 61"),
    (36,"York","David","tellus.aenean@aol.net",STR_TO_DATE("2016/01/08", "%Y/%m/%d"),46,"551-6219 Donec Road Orléans","05 35 44 61 37"),
    (37,"Castillo","Kameko","luctus@icloud.ca",STR_TO_DATE("2017/08/09", "%Y/%m/%d"),35,"471-6917 Per St. Orléans","02 31 14 83 09"),
    (38,"Burnett","Gisela","ut.sagittis@aol.ca",STR_TO_DATE("2017/04/20", "%Y/%m/%d"),31,"Ap #678-6021 Nunc Street Orléans","05 49 27 77 53"),

    (39,"Craft","Francis","nunc.interdum@aol.ca",STR_TO_DATE("1983/04/01", "%Y/%m/%d"),64,"Ap #194-2936 Risus. St. Orléans","05 77 48 22 77"),
    (40,"Cunningham","Guy","integer@outlook.couk",STR_TO_DATE("1988/10/17", "%Y/%m/%d"),63,"694-4152 Nulla Ave Orléans","07 13 67 08 22"),
    (41,"Harris","Graiden","aliquam.ultrices@icloud.edu",STR_TO_DATE("1993/04/17", "%Y/%m/%d"),58,"8259 Sed Rd. Orléans","04 35 48 85 24");

INSERT INTO PERSONNE (IDPER,NOMPER, PRENOMPER, EMAIL, DDNPER, POIDS, ADRESSE, PORTABLE)
VALUES
    (42,"Willis","Ulla","wulla1407@outlook.com",STR_TO_DATE("04/03/2018","%m/%d/%Y"),47,"P.O. Box 935, 2921 Et, Av.","02 53 25 52 73"),
    (43,"Dyer","Alden","alden.dyer@yahoo.com",STR_TO_DATE("12/11/2014", "%m/%d/%Y"),36,"606-1707 Nisi St.","04 87 57 02 60"),
    (44,"Beck","Remedios","r.beck@google.com",STR_TO_DATE("01/15/2019","%m/%d/%Y"),52,"874 Tincidunt Av.","04 76 52 68 18"),
    (45,"Schroeder","Leslie","lschroeder@yahoo.com",STR_TO_DATE("11/14/2016", "%m/%d/%Y"),38,"P.O. Box 917, 1155 Neque St.","09 13 54 86 81"),
    (46,"Hewitt","Vernon","hewitt.vernon@hotmail.com",STR_TO_DATE("06/07/2015", "%m/%d/%Y"),43,"P.O. Box 451, 2397 Non, St.","09 48 55 85 99"),
    (47,"Fuentes","Colt","colt_fuentes@yahoo.com",STR_TO_DATE("11/17/2019", "%m/%d/%Y"),46,"586-4415 Arcu St.","04 18 22 72 11"),
    (48,"Hahn","Hunter","hahn_hunter@google.com",STR_TO_DATE("01/24/2019", "%m/%d/%Y"),48,"Ap #910-1215 Nunc St.","08 61 24 54 63"),
    (49,"Bond","Hayes","bond-hayes1891@aol.com",STR_TO_DATE("02/23/2014","%m/%d/%Y"),41,"Ap #306-7785 Diam St.","02 81 52 88 46"),
    (50,"Dunn","Shoshana","dunn_shoshana@outlook.com",STR_TO_DATE("09/28/2017", "%m/%d/%Y"),33,"Ap #644-9819 At, St.","08 72 25 57 06"),
    (51,"Wooten","Calista","w_calista8853@outlook.com",STR_TO_DATE("06/21/2017", "%m/%d/%Y"),55,"577-7536 Aliquet Road","04 26 38 86 21");
INSERT INTO PERSONNE (IDPER,NOMPER, PRENOMPER, EMAIL, DDNPER, POIDS, ADRESSE, PORTABLE)
VALUES
    (52,"Wallace","Seth","seth-wallace@outlook.com",STR_TO_DATE("02/28/2019", "%m/%d/%Y"),37,"P.O. Box 433, 5350 Eu Ave","06 75 22 75 86"),
    (53,"Brennan","Wylie","bwylie585@hotmail.com",STR_TO_DATE("09/24/2015", "%m/%d/%Y"),36,"P.O. Box 199, 4931 Ullamcorper St.","01 30 75 97 07"),
    (54,"Foreman","Laura","laura.foreman7269@protonmail.com",STR_TO_DATE("09/20/2018", "%m/%d/%Y"),40,"Ap #138-5603 Eget Rd.","07 62 66 70 44"),
    (55,"Vaughan","Mari","m.vaughan@google.com",STR_TO_DATE("12/04/2013", "%m/%d/%Y"),34,"218-3213 Libero. Av.","05 33 58 68 22"),
    (56,"Barnett","Kieran","kieran-barnett6557@hotmail.com",STR_TO_DATE("03/22/2017", "%m/%d/%Y"),50,"3010 Adipiscing Street","03 62 11 73 69"),
    (57,"Farley","Ferdinand","ferdinandfarley@outlook.com",STR_TO_DATE("07/29/2016", "%m/%d/%Y"),41,"854-2972 Et Rd.","04 28 24 54 11"),
    (58,"Cash","Andrew","andrewcash1216@hotmail.com",STR_TO_DATE("06/04/2013", "%m/%d/%Y"),43,"245-7475 Arcu. St.","02 97 06 73 91"),
    (59,"Byers","Roanna","roannabyers947@google.com",STR_TO_DATE("08/18/2019", "%m/%d/%Y"),48,"4109 At Avenue","06 74 78 00 47"),
    (60,"Baird","John","b.john@yahoo.com",STR_TO_DATE("08/20/2020", "%m/%d/%Y"),53,"1837 Non Rd.","03 10 15 97 29"),
    (61,"Ingram","Upton","i-upton@aol.com",STR_TO_DATE("08/07/2014", "%m/%d/%Y"),39,"438-7585 Sociis Rd.","05 75 41 07 45");
INSERT INTO PERSONNE (IDPER,NOMPER, PRENOMPER, EMAIL, DDNPER, POIDS, ADRESSE, PORTABLE)
VALUES
    (62,"Fuller","Ignatius","f-ignatius2049@yahoo.com",STR_TO_DATE("11/14/2013", "%m/%d/%Y"),37,"797-3728 Elit, Rd.","08 99 61 95 64"),
    (63,"Montoya","Theodore","montoyatheodore2012@yahoo.com",STR_TO_DATE("08/05/2014", "%m/%d/%Y"),47,"Ap #639-408 Nunc Ave","06 63 08 71 06"),
    (64,"Knowles","Caldwell","knowles_caldwell@protonmail.com",STR_TO_DATE("11/02/2014", "%m/%d/%Y"),43,"417-9650 Id St.","03 15 34 95 71"),
    (65,"Williamson","Jared","jared_williamson7159@outlook.com",STR_TO_DATE("12/14/2017", "%m/%d/%Y"),46,"P.O. Box 906, 9914 Orci, St.","07 31 36 69 13"),
    (66,"Mccarthy","Dora","m.dora@yahoo.com",STR_TO_DATE("10/30/2018", "%m/%d/%Y"),54,"693 Convallis Rd.","06 41 74 64 63"),
    (67,"Stuart","Kermit","kermitstuart@outlook.com",STR_TO_DATE("05/25/2015", "%m/%d/%Y"),56,"321-5736 Lectus, Av.","02 52 37 37 37"),
    (68,"Espinoza","Allegra","eallegra4790@outlook.com",STR_TO_DATE("07/15/2019", "%m/%d/%Y"),50,"601-854 Ultrices. Rd.","01 23 62 36 35"),
    (69,"Nichols","Shoshana","shoshananichols@protonmail.com",STR_TO_DATE("03/02/2019","%m/%d/%Y"),54,"144-8810 Habitant Ave","06 54 20 12 76"),
    (70,"Finch","Patience","f-patience6457@hotmail.com",STR_TO_DATE("08/22/2020", "%m/%d/%Y"),36,"2818 Tincidunt Avenue","06 92 28 63 22"),
    (71,"Decker","Orlando","o.decker3486@aol.com",STR_TO_DATE("08/15/2016", "%m/%d/%Y"),32,"889-2639 At Rd.","04 56 45 59 71");
INSERT INTO PERSONNE (IDPER,NOMPER, PRENOMPER, EMAIL, DDNPER, POIDS, ADRESSE, PORTABLE)
VALUES
    (72,"Little","Matthew","matthew.little6997@hotmail.com",STR_TO_DATE("05/01/2016", "%m/%d/%Y"),47,"P.O. Box 532, 420 Justo. Road","04 25 45 97 34"),
    (73,"Stout","Blythe","b_stout@hotmail.com",STR_TO_DATE("03/04/2015", "%m/%d/%Y"),48,"P.O. Box 566, 3181 Elit, Street","06 23 10 79 30"),
    (74,"Salas","Ulric","s-ulric1802@hotmail.com",STR_TO_DATE("02/09/2017", "%m/%d/%Y"),35,"P.O. Box 312, 4673 Praesent St.","06 51 76 43 91"),
    (75,"Bright","Rebecca","rebecca.bright@hotmail.com",STR_TO_DATE("11/20/2014", "%m/%d/%Y"),53,"Ap #803-7936 A Rd.","07 37 10 56 53"),
    (76,"Larson","Zachery","z-larson@outlook.com",STR_TO_DATE("02/04/2015", "%m/%d/%Y"),42,"Ap #156-3444 Vivamus Ave","03 29 97 72 49"),
    (77,"Aguilar","Ramona","a-ramona1677@outlook.com",STR_TO_DATE("02/23/2019","%m/%d/%Y") ,45,"Ap #512-3609 Ipsum. Ave","05 47 85 53 58"),
    (78,"Whitehead","Jolie","j.whitehead3594@outlook.com",STR_TO_DATE("11/08/2017", "%m/%d/%Y"),38,"Ap #837-487 Praesent St.","01 28 67 27 13"),
    (79,"Golden","Drake","g_drake@outlook.com",STR_TO_DATE("05/01/2017", "%m/%d/%Y"),33,"539-7104 Ornare Rd.","07 56 18 84 31"),
    (80,"Turner","Gannon","gannon_turner2328@icloud.com",STR_TO_DATE("09/15/2015", "%m/%d/%Y"),51,"Ap #613-7565 Sed Road","01 86 38 66 66"),
    (81,"Macdonald","Winter","wintermacdonald@google.com",STR_TO_DATE("11/15/2020", "%m/%d/%Y"),30,"351-4385 Vitae Ave","09 34 86 35 32");

INSERT INTO PERSONNE (IDPER,NOMPER, PRENOMPER, EMAIL, DDNPER, POIDS, ADRESSE, PORTABLE)
VALUES
    (82,"Webb","Debra","w-debra6405@yahoo.com",STR_TO_DATE("03/01/2015", "%m/%d/%Y"),33,"849-1071 Non Street","01 72 35 14 38"),
    (83,"Gray","Daryl","g.daryl9578@hotmail.com",STR_TO_DATE("04/03/2013", "%m/%d/%Y"),34,"Ap #370-4398 Eget, Avenue","08 03 00 57 85"),
    (84,"Valenzuela","Murphy","murphy.valenzuela9649@icloud.com",STR_TO_DATE("11/02/2018", "%m/%d/%Y"),52,"Ap #912-7943 Et Rd.","03 52 32 27 82"),
    (85,"Ross","Raymond","r_raymond2513@outlook.com",STR_TO_DATE("05/09/2014", "%m/%d/%Y"),46,"P.O. Box 241, 7188 Turpis. Av.","01 71 60 44 22"),
    (86,"Buck","Hermione","buck_hermione7826@aol.com",STR_TO_DATE("11/16/2019", "%m/%d/%Y"),48,"Ap #318-5676 Sed Street","08 38 22 28 70"),
    (87,"Garner","Yolanda","g.yolanda@yahoo.com",STR_TO_DATE("11/26/2018", "%m/%d/%Y"),56,"161-2828 Etiam Road","07 27 35 62 05"),
    (88,"Kirby","Eagan","e-kirby2002@yahoo.com",STR_TO_DATE("04/29/2019", "%m/%d/%Y"),49,"352-3888 Sem. St.","04 09 75 01 70"),
    (89,"Castillo","Hakeem","h.castillo@hotmail.com",STR_TO_DATE("02/24/2020", "%m/%d/%Y"),52,"Ap #795-9121 Adipiscing, Rd.","02 02 96 36 84"),
    (90,"Riley","Charity","charity_riley@google.com",STR_TO_DATE("01/09/2015", "%m/%d/%Y"),45,"Ap #962-7893 Porttitor Avenue","07 58 72 25 98"),
    (91,"Shaffer","Hillary","hillaryshaffer9126@hotmail.com",STR_TO_DATE("04/01/2020", "%m/%d/%Y"),44,"P.O. Box 319, 7321 Vel Street","07 37 57 80 68");
INSERT INTO PERSONNE (IDPER,NOMPER, PRENOMPER, EMAIL, DDNPER, POIDS, ADRESSE, PORTABLE)
VALUES
    (92,"Lucas","Kirsten","lkirsten@outlook.com",STR_TO_DATE("04/09/2020", "%m/%d/%Y"),36,"Ap #437-252 Id Street","02 81 18 30 57"),
    (93,"Rodriguez","Sydney","rodriguez-sydney@hotmail.com",STR_TO_DATE("12/22/2018", "%m/%d/%Y"),40,"Ap #393-3727 Curabitur St.","06 56 59 33 25"),
    (94,"Coleman","Irma","c-irma7701@hotmail.com",STR_TO_DATE("03/05/2018", "%m/%d/%Y"),43,"Ap #474-6238 Iaculis Rd.","01 76 34 71 27"),
    (95,"Phillips","Avye","aphillips@outlook.com",STR_TO_DATE("12/14/2014", "%m/%d/%Y"),54,"131-9623 Elementum St.","04 37 71 12 32"),
    (96,"Carver","Brynn","brynncarver8779@protonmail.com",STR_TO_DATE("02/26/2017", "%m/%d/%Y"),48,"Ap #187-7094 Aliquet Av.","08 53 70 82 16"),
    (97,"Strong","Cynthia","s-cynthia@aol.com",STR_TO_DATE("10/26/2015", "%m/%d/%Y"),48,"Ap #451-5098 Integer St.","03 53 56 11 88"),
    (98,"Santiago","Zeph","santiago_zeph@yahoo.com",STR_TO_DATE("09/29/2016", "%m/%d/%Y"),52,"P.O. Box 741, 2611 Ante Road","05 83 65 31 40"),
    (99,"Mcmahon","Sydney","msydney@protonmail.com",STR_TO_DATE("08/27/2016", "%m/%d/%Y"),53,"Ap #396-8772 Lacinia Av.","01 01 74 14 58"),
    (100,"Castillo","Noel","noelcastillo@yahoo.com",STR_TO_DATE("08/29/2019", "%m/%d/%Y"),48,"665-4512 A, Av.","08 97 66 16 82"),
    (101,"Pearson","Jordan","jordan_pearson9178@google.com",STR_TO_DATE("07/23/2014", "%m/%d/%Y"),33,"P.O. Box 568, 8055 Pellentesque St.","05 67 02 11 31");


INSERT INTO ADHERENT values (1,STR_TO_DATE("14/05/2025", "%d/%m/%Y"),2);
INSERT INTO ADHERENT values (2,STR_TO_DATE("17/05/2025", "%d/%m/%Y"),1);
INSERT INTO ADHERENT values (3,STR_TO_DATE("20/05/2025", "%d/%m/%Y"),1);
INSERT INTO ADHERENT values (4,STR_TO_DATE("04/06/2025", "%d/%m/%Y"),2);
INSERT INTO ADHERENT values (5,STR_TO_DATE("05/06/2025", "%d/%m/%Y"),1);
INSERT INTO ADHERENT values (6,STR_TO_DATE("11/06/2025", "%d/%m/%Y"),1),
                            (7,STR_TO_DATE("12/06/2025", "%d/%m/%Y"),1),
                            (8,STR_TO_DATE("12/06/2025", "%d/%m/%Y"),2),
                            (9,STR_TO_DATE("15/06/2025", "%d/%m/%Y"),1),
                            (10,STR_TO_DATE("20/06/2025", "%d/%m/%Y"),1),
                            (14,STR_TO_DATE("24/06/2025", "%d/%m/%Y"),1),
                            (15,STR_TO_DATE("25/06/2025", "%d/%m/%Y"),1),
                            (16,STR_TO_DATE("28/06/2025", "%d/%m/%Y"),1),
                            (17,STR_TO_DATE("28/06/2025", "%d/%m/%Y"),2),
                            (18,STR_TO_DATE("30/06/2025", "%d/%m/%Y"),1),
                            (19,STR_TO_DATE("01/07/2025", "%d/%m/%Y"),1),
                            (20,STR_TO_DATE("01/07/2025", "%d/%m/%Y"),1),
                            (21,STR_TO_DATE("03/07/2025", "%d/%m/%Y"),1),
                            (22,STR_TO_DATE("04/07/2025", "%d/%m/%Y"),1),
                            (23,STR_TO_DATE("07/07/2025", "%d/%m/%Y"),1),
                            (24,STR_TO_DATE("07/07/2025", "%d/%m/%Y"),1),
                            (25,STR_TO_DATE("07/07/2025", "%d/%m/%Y"),1),
                            (26,STR_TO_DATE("08/07/2025", "%d/%m/%Y"),1),
                            (27,STR_TO_DATE("09/07/2025", "%d/%m/%Y"),1),
                            (28,STR_TO_DATE("10/07/2025", "%d/%m/%Y"),2),
                            (29,STR_TO_DATE("10/07/2025", "%d/%m/%Y"),1),
                            (30,STR_TO_DATE("12/07/2025", "%d/%m/%Y"),1),
                            (31,STR_TO_DATE("13/07/2025", "%d/%m/%Y"),1);

INSERT INTO MONITEUR values (11,"CDD",STR_TO_DATE("11/02/2024", "%d/%m/%Y"));
INSERT INTO MONITEUR values (12,"CDD",STR_TO_DATE("22/03/2024", "%d/%m/%Y"));
INSERT INTO MONITEUR values (13,"CDI",STR_TO_DATE("15/01/2024", "%d/%m/%Y")),
                            (39,"CDI",STR_TO_DATE("15/01/2024", "%d/%m/%Y")),
                            (40,"CDD",STR_TO_DATE("15/01/2024", "%d/%m/%Y")),
                            (41,"CDI",STR_TO_DATE("04/04/2024", "%d/%m/%Y"));

Insert into COURS (NUMCOURS,NOMCOURS, TYPEC) values (0,'Dressage', 2),
                                                    (1,'Dressage', 1),
                                                    (2,'Attelage', 1),
                                                    (3,'Endurance', 1),
                                                    (4,'CSO', 1),
                                                    (5,'CSO', 2),
                                                    (7,'Groom', 2),
                                                    (6,'Groom', 'Collectif');

-- Une partie des descriptions a été généré avec CHATGPT
Insert into PONEY (NOMPO, DDNPO, POIDS_MAX, RACE, SEXE, DESCRIPTION) values
                                                            ('Didi', STR_TO_DATE("12/12/2018", "%d/%m/%Y"), 46, 'Shetland', 1, "Jeune poney né en 2018, ce sagittaire déborde d'énergie, d'amour et de joie de vivre. Adapté pour les -45kg" ),
                                                            ('Patrick', STR_TO_DATE("28/02/2017", "%d/%m/%Y"), 51, 'Shetland', 2, "Né en 2017, ce Shetland est adapté au personne de moins de 51kg."),
                                                            ('Tituan', STR_TO_DATE("23/06/2015", "%d/%m/%Y"), 45, 'Fjord', 2, "Vétéran du club de 7 ans, ce Fjord est passionné par son travail et sera ravi de vous embarquer sur son dos. Adapté pour les -45kg."),
                                                            ('Sophie', STR_TO_DATE("31/10/2018", "%d/%m/%Y"), 46, 'Fjord', 1, "Une Fjord dynamique et calîne née un 31 octobre de 2018."),
                                                            ('Michelle', STR_TO_DATE("17/07/2016", "%d/%m/%Y"), 46, 'Shetland', 1, "Petite Shetland charismatique, petit gabari."),
                                                            ('Sisi', STR_TO_DATE("17/07/2016", "%d/%m/%Y"), 48, 'Shetland', 1, "Vétérante du club depuis 2016, fait partie de la famille."),
                                                            ('Trixy', STR_TO_DATE("06/08/2016", "%d/%m/%Y"), 45, 'Shetland', 1, "Adaptée aux petits gabaris, idéal pour les bambins."),
                                                            ('Hulk', STR_TO_DATE("01/04/2017", "%d/%m/%Y"), 49, 'Shetland', 2, "Shetland costaud né en 2017. Bien qu'il soit imposant pour sa taille, il reste un compagnon doux et fiable. Adapté pour les -49kg."),
                                                            ('Optimus', STR_TO_DATE("01/01/2015", "%d/%m/%Y"), 54, 'Connemara',2, "Un Connemara robuste parfait pour les -54kg."),
                                                            ('Pesky', STR_TO_DATE("24/09/2016", "%d/%m/%Y"), 49, 'Connemara', 2, "Un compagnon d'aventure calîn et sportif. Idéal pour les -49kg."),
                                                            ('Ozzy', STR_TO_DATE("29/11/2015", "%d/%m/%Y"), 56, 'Connemara', 2, "Avec sa carrure, ce Connemara vous accompagne dans vos séances. Pour les -56kg."),
                                                            ('Paquito', STR_TO_DATE("07/08/2017", "%d/%m/%Y"), 47, 'Dartmoor', 2, "El Paquito, renommé Paquito, est courageux et brave. Il vous suivra dans vos séances sportives."),
                                                            ('Phoebe', STR_TO_DATE("20/03/2018", "%d/%m/%Y"), 45, 'Dartmoor', 1, "Jeune poney de 2018, elle n'en reste pas moins expérimentée. Parfait pour les -45kg."),
                                                            ('Pressley', STR_TO_DATE("27/12/2016", "%d/%m/%Y"), 52, 'Dartmoor',2, "Grand gaillard de 2016, il porte jusqu'à 52kg."),
                                                            ('Pumpkinie', STR_TO_DATE("18/10/2018", "%d/%m/%Y"), 43, 'Haflinger', 1, "Rare Haflinger du groupe, Pumpkinie est adorable."),

                                                            ('Bejia', STR_TO_DATE("25/08/2018", "%d/%m/%Y"), 47, 'Falabella', 1, "Seule Falabella du groupe des poneys, elle est sociale et aventureuse."),
                                                            ('Amigo', STR_TO_DATE("28/02/2017", "%d/%m/%Y"), 52, 'Shetland', 2, "Shetland affecteux portant jusuq'à 52kg."),
                                                            ('Bentley', STR_TO_DATE("03/04/2015", "%d/%m/%Y"), 55, 'Fjord', 2, "Un ancien Fjord de 2015, parfait pour les gabaris de -55kg. "),
                                                            ('Biggie', STR_TO_DATE("14/07/2016", "%d/%m/%Y"), 48, 'Fjord', 1, "Poney disco, joueur et amusant, il vous ramnera un sourire."),
                                                            ('Chacox', STR_TO_DATE("17/05/2016", "%d/%m/%Y"), 48, 'Shetland', 1, "Poney de course, fidèle à lui même et têtu."),
                                                            ('Camila', STR_TO_DATE("03/02/2017", "%d/%m/%Y"), 51, 'Haflinger', 1, "Parfaite pour les -51kg, son dos musclée vous enchantera."),
                                                            ('Daisy', STR_TO_DATE("06/08/2016", "%d/%m/%Y"), 52, 'Shetland', 1, "Princesse mais sportive, née en 2016, cette Shetland est sociable."),
                                                            ('Diesel', STR_TO_DATE("22/01/2017", "%d/%m/%Y"), 49, 'Shetland', 2, "Possède une énergie dite 'turbo', ce Shetland est rayonnant."),
                                                            ('Egi', STR_TO_DATE("11/09/2015", "%d/%m/%Y"), 53, 'Connemara',2, "Ancien du club, son expérience apporte un dynamisme à vos séances."),
                                                            ('El Mino', STR_TO_DATE("24/09/2018", "%d/%m/%Y"), 44, 'Connemara', 2, "Minuscule et jeune Connemara, portant jusuq'à 44kg."),
                                                            ('Fifi', STR_TO_DATE("28/08/2016", "%d/%m/%Y"), 56, 'Connemara', 2, "Notre grand gaillard du groupe, porte jusuq'à 56kg."),
                                                            ('Felix', STR_TO_DATE("08/08/2018", "%d/%m/%Y"), 47, 'Dartmoor', 2, "Avec sa tête de chat, ce Dartmoor s'engage à vous emmener dans des séances audicieuses."),
                                                            ('Flossie', STR_TO_DATE("27/02/2018", "%d/%m/%Y"), 46, 'Dartmoor', 1, "Petite Dartmoor paresseuse mais calîne. "),
                                                            ('Riki', STR_TO_DATE("27/12/2016", "%d/%m/%Y"), 53, 'Dartmoor',2, "Dartmoor grincheux mais gros nounours, vous porte sur son dos jusqu'à 53kg."),
                                                            ('Shakira', STR_TO_DATE("18/04/2018", "%d/%m/%Y"), 45, 'Haflinger', 1, "Shakira vous emmenera dans sa danse à chacune des séances sportives.");

Insert into SEANCE (IDSEANCE, PRIX, DUREE, NIVEAU, DESCRIPTIF, GROUPE_AGE, NUMCOURS, DATE_SEANCE)
values (1, 25, 1, 1, "baby poney", "moins de 6 ans", 6, STR_TO_DATE("16/10/2024:14/10","%d/%m/%Y:%H/%i")),
       (2, 35, 1,1, "baby grand poney", "plus de 6 ans - moins de 10 ans", 6,STR_TO_DATE("16/10/2024:10/00","%d/%m/%Y:%H/%i")),
       (3, 27, 2,2, "grand poney", "plus de 8 ans - moins de 12 ans", 6,STR_TO_DATE("17/10/2024:10/00","%d/%m/%Y:%H/%i")),
       (4, 25, 1, 1, "baby poney", "moins de 6 ans", 6, STR_TO_DATE("23/10/2024:14/10","%d/%m/%Y:%H/%i")),
       (5, 35, 1,1, "baby grand poney", "plus de 6 ans - moins de 10 ans", 6,STR_TO_DATE("23/10/2024:10/00","%d/%m/%Y:%H/%i")),
       (6, 27, 2,2, "grand poney", "plus de 8 ans - moins de 12 ans", 6,STR_TO_DATE("24/10/2024:10/00","%d/%m/%Y:%H/%i")),
       (8, 46, 1,1, "groom individuel", " - ", 7,STR_TO_DATE("17/10/2024:12/00","%d/%m/%Y:%H/%i")),
       (7, 46, 1,1, "groom individuel", " - ", 7,STR_TO_DATE("24/10/2024:14/00","%d/%m/%Y:%H/%i"));

Insert into ENCADRER (IDMON, NUMCOURS, DATEENC, IDSEANCE) values
                                                              (11, 6, STR_TO_DATE("16/10/2024:14/10","%d/%m/%Y:%H/%i"), 1),
                                                              (11, 6, STR_TO_DATE("23/10/2024:14/10","%d/%m/%Y:%H/%i"), 4),
                                                              (12, 6, STR_TO_DATE("16/10/2024:10/00","%d/%m/%Y:%H/%i"), 2),
                                                              (12, 6, STR_TO_DATE("23/10/2024:10/00","%d/%m/%Y:%H/%i"), 5);

Insert into PARTICIPER (NUMCOURS, IDADH, IDSEANCE, IDPO, PAYE) values
                                                                             (6, 9,1,1,true),
                                                                             (6, 23,1,2,false),
                                                                             (6, 15,1,3,true),
                                                                             (6, 19,1,4,true),
                                                                             (6, 21,1,23,true),
                                                                             (6, 8,1,19,true),
                                                                             (6, 6,1,22,true),
                                                                             (6, 7,1,11,true),
                                                                             (6, 24,1,13,true),
                                                                             (6, 2,2,1,true),
                                                                             (6, 18,2,5,true),
                                                                             (6, 21,2,6,false),
                                                                             (6, 1,2,7,true),
                                                                             (6, 16,3,2,true),
                                                                             (6, 8,3,3,false),
                                                                             (6, 6,3,4,true),
                                                                             (7, 10,7,4,true)
                                                                             ;

Insert into TARIFS (IDTARIF, ANNEE, PRIX) values
                                              (1,STR_TO_DATE("2024","%Y"), 111),
                                              (2,STR_TO_DATE("2024","%Y"),31),
                                              (3,STR_TO_DATE("2024","%Y"),52);

-- creation d'une facture a chaque nouveau adherent
Insert into FACTURE ( totalttc, dateedition, idadh) values
                                                        (142,STR_TO_DATE("14/05/2024", "%d/%m/%Y"),1),
                                                        (142,STR_TO_DATE("17/05/2024", "%d/%m/%Y"),2),
                                                        (142,STR_TO_DATE("20/05/2024", "%d/%m/%Y"),3),
                                                        (142,STR_TO_DATE("04/06/2024", "%d/%m/%Y"),4),
                                                        (142,STR_TO_DATE("05/06/2024", "%d/%m/%Y"),5),
                                                        (142,STR_TO_DATE("11/06/2024", "%d/%m/%Y"),6),
                                                        (142,STR_TO_DATE("12/06/2024", "%d/%m/%Y"),7),
                                                        (142,STR_TO_DATE("12/06/2024", "%d/%m/%Y"),8),
                                                        (142,STR_TO_DATE("15/06/2024", "%d/%m/%Y"),9),
                                                        (142,STR_TO_DATE("20/06/2024", "%d/%m/%Y"),10),
                                                        (142,STR_TO_DATE("24/06/2024", "%d/%m/%Y"),14),
                                                        (142,STR_TO_DATE("25/06/2024", "%d/%m/%Y"),15),
                                                        (142,STR_TO_DATE("28/06/2024", "%d/%m/%Y"),16),
                                                        (142,STR_TO_DATE("28/06/2024", "%d/%m/%Y"),17),
                                                        (142,STR_TO_DATE("30/06/2024", "%d/%m/%Y"),18),
                                                        (142,STR_TO_DATE("01/07/2024", "%d/%m/%Y"),19),
                                                        (142,STR_TO_DATE("01/07/2024", "%d/%m/%Y"),20),
                                                        (142,STR_TO_DATE("03/07/2024", "%d/%m/%Y"),21),
                                                        (142,STR_TO_DATE("04/07/2024", "%d/%m/%Y"),22),
                                                        (142,STR_TO_DATE("07/07/2024", "%d/%m/%Y"),23),
                                                        (142,STR_TO_DATE("07/07/2024", "%d/%m/%Y"),24),
                                                        (142,STR_TO_DATE("07/07/2024", "%d/%m/%Y"),25),
                                                        (142,STR_TO_DATE("08/07/2024", "%d/%m/%Y"),26),
                                                        (142,STR_TO_DATE("09/07/2024", "%d/%m/%Y"),27),
                                                        (142,STR_TO_DATE("10/07/2024", "%d/%m/%Y"),28),
                                                        (142,STR_TO_DATE("10/07/2024", "%d/%m/%Y"),29),
                                                        (142,STR_TO_DATE("12/07/2024", "%d/%m/%Y"),30),
                                                        (142,STR_TO_DATE("13/07/2024", "%d/%m/%Y"),31),

                                                        (52,STR_TO_DATE("14/06/2024", "%d/%m/%Y"),1),
                                                        (52,STR_TO_DATE("17/06/2024", "%d/%m/%Y"),2),
                                                        (52,STR_TO_DATE("20/06/2024", "%d/%m/%Y"),3),

                                                        (52,STR_TO_DATE("04/07/2024", "%d/%m/%Y"),4),
                                                        (52,STR_TO_DATE("05/07/2024", "%d/%m/%Y"),5),
                                                        (52,STR_TO_DATE("11/07/2024", "%d/%m/%Y"),6),
                                                        (52,STR_TO_DATE("12/07/2024", "%d/%m/%Y"),7),
                                                        (52,STR_TO_DATE("12/07/2024", "%d/%m/%Y"),8),
                                                        (52,STR_TO_DATE("15/07/2024", "%d/%m/%Y"),9),
                                                        (52,STR_TO_DATE("20/07/2024", "%d/%m/%Y"),10),
                                                        (52,STR_TO_DATE("24/07/2024", "%d/%m/%Y"),14),
                                                        (52,STR_TO_DATE("25/07/2024", "%d/%m/%Y"),15),
                                                        (52,STR_TO_DATE("28/07/2024", "%d/%m/%Y"),16),
                                                        (52,STR_TO_DATE("28/07/2024", "%d/%m/%Y"),17),
                                                        (52,STR_TO_DATE("30/07/2024", "%d/%m/%Y"),18),
                                                        (52,STR_TO_DATE("14/07/2024", "%d/%m/%Y"),1),
                                                        (52,STR_TO_DATE("17/07/2024", "%d/%m/%Y"),2),
                                                        (52,STR_TO_DATE("20/07/2024", "%d/%m/%Y"),3);


Insert into ETRE_PRESENT (IDFACTURE, IDTARIF) values -- concerne les factures et les tarifs
                                                  (1,1),
                                                  (2,1),
                                                  (3,1),
                                                  (4,1),
                                                  (5,1),
                                                  (6,1),
                                                  (7,1),
                                                  (8,1),
                                                  (9,1),
                                                  (10,1),
                                                  (11,1),
                                                  (12,1),
                                                  (13,1),
                                                  (14,1),
                                                  (15,1),
                                                  (16,1),
                                                  (17,1),
                                                  (18,1),
                                                  (19,1),
                                                  (20,1),
                                                  (21,1),
                                                  (22,1),
                                                  (23,1),
                                                  (24,1),
                                                  (25,1),
                                                  (26,1),
                                                  (27,1),
                                                  (28,1),
                                                  (1,2),
                                                  (2,2),
                                                  (3,2),
                                                  (4,2),
                                                  (5,2),
                                                  (6,2),
                                                  (7,2),
                                                  (8,2),
                                                  (9,2),
                                                  (10,2),
                                                  (11,2),
                                                  (12,2),
                                                  (13,2),
                                                  (14,2),
                                                  (15,2),
                                                  (16,2),
                                                  (17,2),
                                                  (18,2),
                                                  (19,2),
                                                  (20,2),
                                                  (21,2),
                                                  (22,2),
                                                  (23,2),
                                                  (24,2),
                                                  (25,2),
                                                  (26,2),
                                                  (27,2),
                                                  (28,2),
                                                  (29,3),
                                                  (30,3),
                                                  (31,3),
                                                  (32,3),
                                                  (33,3),
                                                  (34,3),
                                                  (35,3),
                                                  (36,3),
                                                  (37,3),
                                                  (38,3),
                                                  (39,3),
                                                  (40,3),
                                                  (41,3),
                                                  (42,3),
                                                  (43,3),
                                                  (44,3),
                                                  (45,3),
                                                  (46,3);
INSERT INTO USER (MAIL, PASSWORD, ROLE) VALUES 
("in@icloud.org", SHA1("LOL123"), "ADHERENT"),
("vivamus.non@google.edu", SHA1("ADMIN"), "ADMIN");

-- insertions qui ne devraient pas marcher
update PARTICIPER set PAYE = false where IDADH = 9 and IDSEANCE = 1; -- seance deja payee

Insert into PARTICIPER (NUMCOURS, IDADH, IDSEANCE, IDPO, PAYE) values
    (6, 10,2,1,true); -- poney deja reserve

Insert into PARTICIPER (NUMCOURS, IDADH, IDSEANCE, IDPO, PAYE) values
    (7, 6,7,4,true); -- le cours particulier est complet

Insert into PARTICIPER (NUMCOURS, IDADH, IDSEANCE, IDPO, PAYE) values
    (7, 10,8,4,true); -- poney a besoin de repos

Insert into PARTICIPER (NUMCOURS, IDADH, IDSEANCE, IDPO, PAYE) values
    (6, 25,1,16,true); -- 10 participants max au cours collectif

Insert into PARTICIPER (NUMCOURS, IDADH, IDSEANCE, IDPO, PAYE) values
    (6, 5,2,16,true); -- poids max pour le poney


